family,eps,target,label,n,metric,value,ci_lo,ci_hi
hernquist3d,0.02,dS_late,Δentropy(late),500,R2_fine_pos,-0.013657062239848194,,
hernquist3d,0.02,dS_late,Δentropy(late),500,R2_fine_kin,0.07236109112177469,,
hernquist3d,0.02,dS_late,Δentropy(late),500,R2_bulk,0.1467024641825838,,
hernquist3d,0.02,dS_late,Δentropy(late),500,R2_phi_best,-0.012202293211710957,,
hernquist3d,0.02,dS_late,Δentropy(late),500,R2_psi_best,0.12747133435779978,,
hernquist3d,0.02,dS_late,Δentropy(late),500,psi_beyond_bulk,-0.017671781974023526,-0.09936265400655285,0.06165058502601016
hernquist3d,0.02,dS_late,Δentropy(late),500,psi_beyond_phi,0.1265707430246349,0.0016249940279843894,0.2424834493233967
hernquist3d,0.02,dS_late,Δentropy(late),500,psi_beyond_kin,0.08359008558110936,-0.0026235142747752516,0.1699221585564295
hernquist3d,0.02,dS_late,Δentropy(late),500,ell_star_psi,0.3,,
hernquist3d,0.02,dS_early,Δentropy(early),500,R2_fine_pos,0.0004964842514911805,,
hernquist3d,0.02,dS_early,Δentropy(early),500,R2_fine_kin,-0.0044464303756235335,,
hernquist3d,0.02,dS_early,Δentropy(early),500,R2_bulk,0.012553516823464173,,
hernquist3d,0.02,dS_early,Δentropy(early),500,R2_phi_best,0.004378988762843261,,
hernquist3d,0.02,dS_early,Δentropy(early),500,R2_psi_best,-0.12620831060193072,,
hernquist3d,0.02,dS_early,Δentropy(early),500,psi_beyond_bulk,-0.5275398362753839,-1.6981553819205102,0.0505268558014399
hernquist3d,0.02,dS_early,Δentropy(early),500,psi_beyond_phi,-0.08884824988510054,-0.2827988858237764,0.05201457437956209
hernquist3d,0.02,dS_early,Δentropy(early),500,psi_beyond_kin,-0.0330872126207733,-0.16191169403132977,0.062139246104782546
hernquist3d,0.02,dS_early,Δentropy(early),500,ell_star_psi,0.2,,
hernquist3d,0.02,dQ_late,ΔQ(late),500,R2_fine_pos,0.35168419818873575,,
hernquist3d,0.02,dQ_late,ΔQ(late),500,R2_fine_kin,0.21767091116729909,,
hernquist3d,0.02,dQ_late,ΔQ(late),500,R2_bulk,0.9799209224669494,,
hernquist3d,0.02,dQ_late,ΔQ(late),500,R2_phi_best,0.6656851454459991,,
hernquist3d,0.02,dQ_late,ΔQ(late),500,R2_psi_best,0.6365518872108142,,
hernquist3d,0.02,dQ_late,ΔQ(late),500,psi_beyond_bulk,-0.0038921163922078783,-0.008827751592718407,-0.000738014929330644
hernquist3d,0.02,dQ_late,ΔQ(late),500,psi_beyond_phi,0.14743408687468074,0.034546423258451156,0.24749038784800817
hernquist3d,0.02,dQ_late,ΔQ(late),500,psi_beyond_kin,0.3516970502562343,-0.049556641169411254,0.5827603648583737
hernquist3d,0.02,dQ_late,ΔQ(late),500,ell_star_psi,0.3,,
hernquist3d,0.02,dQ_early,ΔQ(early),500,R2_fine_pos,0.4191309564372795,,
hernquist3d,0.02,dQ_early,ΔQ(early),500,R2_fine_kin,0.07105288762282014,,
hernquist3d,0.02,dQ_early,ΔQ(early),500,R2_bulk,0.9537534830913226,,
hernquist3d,0.02,dQ_early,ΔQ(early),500,R2_phi_best,0.6986718313038274,,
hernquist3d,0.02,dQ_early,ΔQ(early),500,R2_psi_best,-1.2585140775650991,,
hernquist3d,0.02,dQ_early,ΔQ(early),500,psi_beyond_bulk,-0.012652575402232857,-0.046128209164714884,0.0032542326066970534
hernquist3d,0.02,dQ_early,ΔQ(early),500,psi_beyond_phi,0.18140687045216886,0.1114627692205515,0.26959067186435776
hernquist3d,0.02,dQ_early,ΔQ(early),500,psi_beyond_kin,-0.005982463522236636,-1.8347013662350926,0.8031191695405532
hernquist3d,0.02,dQ_early,ΔQ(early),500,ell_star_psi,0.3,,
hernquist3d,0.02,dSigr_late,Δσr(late),500,R2_fine_pos,0.24645049270952168,,
hernquist3d,0.02,dSigr_late,Δσr(late),500,R2_fine_kin,0.011507250701053517,,
hernquist3d,0.02,dSigr_late,Δσr(late),500,R2_bulk,0.29840600377043736,,
hernquist3d,0.02,dSigr_late,Δσr(late),500,R2_phi_best,0.23615468416202978,,
hernquist3d,0.02,dSigr_late,Δσr(late),500,R2_psi_best,0.45585400233963513,,
hernquist3d,0.02,dSigr_late,Δσr(late),500,psi_beyond_bulk,0.26665776352588677,0.16220480082910438,0.36364436151372437
hernquist3d,0.02,dSigr_late,Δσr(late),500,psi_beyond_phi,0.26395468290643087,0.07342749611747884,0.40710595908446584
hernquist3d,0.02,dSigr_late,Δσr(late),500,psi_beyond_kin,0.42991215174263664,0.29483488532957985,0.5737437839976361
hernquist3d,0.02,dSigr_late,Δσr(late),500,ell_star_psi,0.3,,
hernquist3d,0.02,dBeta_late,Δβ(late),500,R2_fine_pos,0.13432980191873034,,
hernquist3d,0.02,dBeta_late,Δβ(late),500,R2_fine_kin,0.030128191872882182,,
hernquist3d,0.02,dBeta_late,Δβ(late),500,R2_bulk,0.2234827588255942,,
hernquist3d,0.02,dBeta_late,Δβ(late),500,R2_phi_best,0.17166645142202774,,
hernquist3d,0.02,dBeta_late,Δβ(late),500,R2_psi_best,0.3984596281171009,,
hernquist3d,0.02,dBeta_late,Δβ(late),500,psi_beyond_bulk,0.13220779998394083,-0.20775507422768305,0.3531333003923376
hernquist3d,0.02,dBeta_late,Δβ(late),500,psi_beyond_phi,0.28714284850307714,0.12038914927652004,0.41757738073474665
hernquist3d,0.02,dBeta_late,Δβ(late),500,psi_beyond_kin,0.34417882894459206,0.1596171985520469,0.4878258689527462
hernquist3d,0.02,dBeta_late,Δβ(late),500,ell_star_psi,0.04,,
hernquist3d,0.05,dS_late,Δentropy(late),500,R2_fine_pos,0.09305629410410565,,
hernquist3d,0.05,dS_late,Δentropy(late),500,R2_fine_kin,0.1931006409141386,,
hernquist3d,0.05,dS_late,Δentropy(late),500,R2_bulk,0.3480310819273498,,
hernquist3d,0.05,dS_late,Δentropy(late),500,R2_phi_best,0.13818627550857043,,
hernquist3d,0.05,dS_late,Δentropy(late),500,R2_psi_best,0.19606704065223668,,
hernquist3d,0.05,dS_late,Δentropy(late),500,psi_beyond_bulk,-0.0559499337253041,-0.12623668035998906,0.011594753885621159
hernquist3d,0.05,dS_late,Δentropy(late),500,psi_beyond_phi,0.17230665093651742,0.006426936414513982,0.32497250445914305
hernquist3d,0.05,dS_late,Δentropy(late),500,psi_beyond_kin,-0.040441861052734174,-0.13075426225021927,0.03741366405488482
hernquist3d,0.05,dS_late,Δentropy(late),500,ell_star_psi,0.2,,
hernquist3d,0.05,dS_early,Δentropy(early),500,R2_fine_pos,0.044856035078610135,,
hernquist3d,0.05,dS_early,Δentropy(early),500,R2_fine_kin,0.08948473680192714,,
hernquist3d,0.05,dS_early,Δentropy(early),500,R2_bulk,0.18235748016902786,,
hernquist3d,0.05,dS_early,Δentropy(early),500,R2_phi_best,0.060851764767414496,,
hernquist3d,0.05,dS_early,Δentropy(early),500,R2_psi_best,-0.10026024940029998,,
hernquist3d,0.05,dS_early,Δentropy(early),500,psi_beyond_bulk,-0.05204914196653754,-0.13950745255495364,0.028165456559094127
hernquist3d,0.05,dS_early,Δentropy(early),500,psi_beyond_phi,0.03401285449598357,-0.055203025342613087,0.11655777585835336
hernquist3d,0.05,dS_early,Δentropy(early),500,psi_beyond_kin,-0.029795637896089078,-0.10370584398462879,0.03878670387310995
hernquist3d,0.05,dS_early,Δentropy(early),500,ell_star_psi,0.025,,
hernquist3d,0.05,dQ_late,ΔQ(late),500,R2_fine_pos,0.503159274019952,,
hernquist3d,0.05,dQ_late,ΔQ(late),500,R2_fine_kin,0.22603512667756587,,
hernquist3d,0.05,dQ_late,ΔQ(late),500,R2_bulk,0.9752162415943572,,
hernquist3d,0.05,dQ_late,ΔQ(late),500,R2_phi_best,0.6464390730141878,,
hernquist3d,0.05,dQ_late,ΔQ(late),500,R2_psi_best,0.7078242689014509,,
hernquist3d,0.05,dQ_late,ΔQ(late),500,psi_beyond_bulk,-0.0006255803665657922,-0.002687346772655169,0.0019066366899630671
hernquist3d,0.05,dQ_late,ΔQ(late),500,psi_beyond_phi,0.20257597190869692,0.13273044882372675,0.3171629601477708
hernquist3d,0.05,dQ_late,ΔQ(late),500,psi_beyond_kin,0.5268162515129391,0.4073804214266444,0.6785076501824324
hernquist3d,0.05,dQ_late,ΔQ(late),500,ell_star_psi,0.3,,
hernquist3d,0.05,dQ_early,ΔQ(early),500,R2_fine_pos,0.6254874245726103,,
hernquist3d,0.05,dQ_early,ΔQ(early),500,R2_fine_kin,0.22501905332547034,,
hernquist3d,0.05,dQ_early,ΔQ(early),500,R2_bulk,0.980026528074677,,
hernquist3d,0.05,dQ_early,ΔQ(early),500,R2_phi_best,0.7191754718751092,,
hernquist3d,0.05,dQ_early,ΔQ(early),500,R2_psi_best,-3.0659618185605035,,
hernquist3d,0.05,dQ_early,ΔQ(early),500,psi_beyond_bulk,-0.01169641589507564,-0.022581046868088123,-0.0016817432235979902
hernquist3d,0.05,dQ_early,ΔQ(early),500,psi_beyond_phi,-1.9542780838342555,-6.861279051362795,0.19433677255415785
hernquist3d,0.05,dQ_early,ΔQ(early),500,psi_beyond_kin,0.5708101061866516,0.4488870741012841,0.6966213931828104
hernquist3d,0.05,dQ_early,ΔQ(early),500,ell_star_psi,0.3,,
hernquist3d,0.05,dSigr_late,Δσr(late),500,R2_fine_pos,0.08355026850966352,,
hernquist3d,0.05,dSigr_late,Δσr(late),500,R2_fine_kin,0.10282790665832797,,
hernquist3d,0.05,dSigr_late,Δσr(late),500,R2_bulk,0.16339082205751276,,
hernquist3d,0.05,dSigr_late,Δσr(late),500,R2_phi_best,0.10102825411012495,,
hernquist3d,0.05,dSigr_late,Δσr(late),500,R2_psi_best,0.32984591206136815,,
hernquist3d,0.05,dSigr_late,Δσr(late),500,psi_beyond_bulk,-2.2580205478714275,-8.141133504799587,0.2569191729789834
hernquist3d,0.05,dSigr_late,Δσr(late),500,psi_beyond_phi,-1.1088228483104121,-4.523868108332291,0.37787818386594624
hernquist3d,0.05,dSigr_late,Δσr(late),500,psi_beyond_kin,-0.4569604164076402,-2.1007102605941097,0.3237016524977759
hernquist3d,0.05,dSigr_late,Δσr(late),500,ell_star_psi,0.2,,
hernquist3d,0.05,dBeta_late,Δβ(late),500,R2_fine_pos,0.12184573355557404,,
hernquist3d,0.05,dBeta_late,Δβ(late),500,R2_fine_kin,0.07550577737766717,,
hernquist3d,0.05,dBeta_late,Δβ(late),500,R2_bulk,0.18007038608852466,,
hernquist3d,0.05,dBeta_late,Δβ(late),500,R2_phi_best,0.13765157575941012,,
hernquist3d,0.05,dBeta_late,Δβ(late),500,R2_psi_best,0.25483243216043217,,
hernquist3d,0.05,dBeta_late,Δβ(late),500,psi_beyond_bulk,0.05201301596393326,-0.7314343750126487,0.4327727244072035
hernquist3d,0.05,dBeta_late,Δβ(late),500,psi_beyond_phi,0.20089217157800243,0.05529502433222483,0.3183410626608611
hernquist3d,0.05,dBeta_late,Δβ(late),500,psi_beyond_kin,0.22753633941961737,0.08707784923130367,0.33701539105522454
hernquist3d,0.05,dBeta_late,Δβ(late),500,ell_star_psi,0.2,,
hernquist3d,0.1,dS_late,Δentropy(late),500,R2_fine_pos,0.2280546070224828,,
hernquist3d,0.1,dS_late,Δentropy(late),500,R2_fine_kin,0.1572649235184186,,
hernquist3d,0.1,dS_late,Δentropy(late),500,R2_bulk,0.33179078555453523,,
hernquist3d,0.1,dS_late,Δentropy(late),500,R2_phi_best,0.2134170728685878,,
hernquist3d,0.1,dS_late,Δentropy(late),500,R2_psi_best,0.34256625885134906,,
hernquist3d,0.1,dS_late,Δentropy(late),500,psi_beyond_bulk,0.05369640453963587,0.0008758736002450363,0.11183392011572144
hernquist3d,0.1,dS_late,Δentropy(late),500,psi_beyond_phi,0.24015513524249887,0.11621777609662193,0.35421148733008806
hernquist3d,0.1,dS_late,Δentropy(late),500,psi_beyond_kin,0.17906839768973148,0.09436363117441109,0.2606256185546755
hernquist3d,0.1,dS_late,Δentropy(late),500,ell_star_psi,0.2,,
hernquist3d,0.1,dS_early,Δentropy(early),500,R2_fine_pos,-0.017674180220145663,,
hernquist3d,0.1,dS_early,Δentropy(early),500,R2_fine_kin,0.04110373533070644,,
hernquist3d,0.1,dS_early,Δentropy(early),500,R2_bulk,0.2488673219174694,,
hernquist3d,0.1,dS_early,Δentropy(early),500,R2_phi_best,0.009125392998084125,,
hernquist3d,0.1,dS_early,Δentropy(early),500,R2_psi_best,0.20656110159970476,,
hernquist3d,0.1,dS_early,Δentropy(early),500,psi_beyond_bulk,0.00515607122674866,-0.06494605696032187,0.07893437645506703
hernquist3d,0.1,dS_early,Δentropy(early),500,psi_beyond_phi,0.2215356955839125,0.10466208691628691,0.3202757017449966
hernquist3d,0.1,dS_early,Δentropy(early),500,psi_beyond_kin,0.17060456786984568,0.06391170116882057,0.26479243025057725
hernquist3d,0.1,dS_early,Δentropy(early),500,ell_star_psi,0.09,,
hernquist3d,0.1,dQ_late,ΔQ(late),500,R2_fine_pos,0.5591345905923576,,
hernquist3d,0.1,dQ_late,ΔQ(late),500,R2_fine_kin,0.22306182027303734,,
hernquist3d,0.1,dQ_late,ΔQ(late),500,R2_bulk,0.9627002455075104,,
hernquist3d,0.1,dQ_late,ΔQ(late),500,R2_phi_best,0.6116139644558678,,
hernquist3d,0.1,dQ_late,ΔQ(late),500,R2_psi_best,0.6754616552607167,,
hernquist3d,0.1,dQ_late,ΔQ(late),500,psi_beyond_bulk,0.008215296787160042,0.0030082723786107324,0.015824432836625456
hernquist3d,0.1,dQ_late,ΔQ(late),500,psi_beyond_phi,0.2583542347416339,0.17527015706333768,0.36400907718980763
hernquist3d,0.1,dQ_late,ΔQ(late),500,psi_beyond_kin,0.5794594868672175,0.4728812323995024,0.7247768883931633
hernquist3d,0.1,dQ_late,ΔQ(late),500,ell_star_psi,0.3,,
hernquist3d,0.1,dQ_early,ΔQ(early),500,R2_fine_pos,0.5016208377997962,,
hernquist3d,0.1,dQ_early,ΔQ(early),500,R2_fine_kin,0.26724111414271,,
hernquist3d,0.1,dQ_early,ΔQ(early),500,R2_bulk,0.9784442568039459,,
hernquist3d,0.1,dQ_early,ΔQ(early),500,R2_phi_best,0.6067522335334955,,
hernquist3d,0.1,dQ_early,ΔQ(early),500,R2_psi_best,0.7354629634403536,,
hernquist3d,0.1,dQ_early,ΔQ(early),500,psi_beyond_bulk,0.005684949258322414,0.0010560874027715913,0.010531604368745538
hernquist3d,0.1,dQ_early,ΔQ(early),500,psi_beyond_phi,0.25972878409372524,0.17412507279819267,0.3675518908360752
hernquist3d,0.1,dQ_early,ΔQ(early),500,psi_beyond_kin,0.5467875469947564,0.41278082406689165,0.7220142872312728
hernquist3d,0.1,dQ_early,ΔQ(early),500,ell_star_psi,0.3,,
hernquist3d,0.1,dSigr_late,Δσr(late),500,R2_fine_pos,0.05728676337409433,,
hernquist3d,0.1,dSigr_late,Δσr(late),500,R2_fine_kin,0.054434872946787394,,
hernquist3d,0.1,dSigr_late,Δσr(late),500,R2_bulk,0.15910135276787918,,
hernquist3d,0.1,dSigr_late,Δσr(late),500,R2_phi_best,0.07591721125678486,,
hernquist3d,0.1,dSigr_late,Δσr(late),500,R2_psi_best,0.3002098348715554,,
hernquist3d,0.1,dSigr_late,Δσr(late),500,psi_beyond_bulk,0.29433757436868135,0.19602915736762935,0.3938349987137424
hernquist3d,0.1,dSigr_late,Δσr(late),500,psi_beyond_phi,0.3664774296538984,0.2282453732962086,0.484815330955945
hernquist3d,0.1,dSigr_late,Δσr(late),500,psi_beyond_kin,0.2528461381131226,0.15105179874773655,0.35305345969063623
hernquist3d,0.1,dSigr_late,Δσr(late),500,ell_star_psi,0.04,,
hernquist3d,0.1,dBeta_late,Δβ(late),500,R2_fine_pos,0.051202122981128806,,
hernquist3d,0.1,dBeta_late,Δβ(late),500,R2_fine_kin,0.020329945719162357,,
hernquist3d,0.1,dBeta_late,Δβ(late),500,R2_bulk,0.08663770694002848,,
hernquist3d,0.1,dBeta_late,Δβ(late),500,R2_phi_best,0.06083059811479774,,
hernquist3d,0.1,dBeta_late,Δβ(late),500,R2_psi_best,0.43706670533265013,,
hernquist3d,0.1,dBeta_late,Δβ(late),500,psi_beyond_bulk,0.3780520520564399,0.2823242364492013,0.47726546551441085
hernquist3d,0.1,dBeta_late,Δβ(late),500,psi_beyond_phi,0.4135232270474506,0.3186113954464079,0.5104762001135804
hernquist3d,0.1,dBeta_late,Δβ(late),500,psi_beyond_kin,0.4450468657505039,0.3154972802462343,0.5812431425605497
hernquist3d,0.1,dBeta_late,Δβ(late),500,ell_star_psi,0.06,,
plummer3d,0.02,dS_late,Δentropy(late),500,R2_fine_pos,0.08977757687218335,,
plummer3d,0.02,dS_late,Δentropy(late),500,R2_fine_kin,0.2899179958416892,,
plummer3d,0.02,dS_late,Δentropy(late),500,R2_bulk,0.6298791652864499,,
plummer3d,0.02,dS_late,Δentropy(late),500,R2_phi_best,0.3393055710729379,,
plummer3d,0.02,dS_late,Δentropy(late),500,R2_psi_best,0.6433397554964412,,
plummer3d,0.02,dS_late,Δentropy(late),500,psi_beyond_bulk,0.032972205094865314,0.005370374348403706,0.06885435186185743
plummer3d,0.02,dS_late,Δentropy(late),500,psi_beyond_phi,0.3392681863917032,0.24080390864388548,0.45242879926111795
plummer3d,0.02,dS_late,Δentropy(late),500,psi_beyond_kin,0.3543401053598453,0.2756235336791797,0.42897684756007337
plummer3d,0.02,dS_late,Δentropy(late),500,ell_star_psi,0.3,,
plummer3d,0.02,dS_early,Δentropy(early),500,R2_fine_pos,0.08430695132557142,,
plummer3d,0.02,dS_early,Δentropy(early),500,R2_fine_kin,0.3621574839928805,,
plummer3d,0.02,dS_early,Δentropy(early),500,R2_bulk,0.4778251826112795,,
plummer3d,0.02,dS_early,Δentropy(early),500,R2_phi_best,0.1742503522023623,,
plummer3d,0.02,dS_early,Δentropy(early),500,R2_psi_best,0.5077103558617415,,
plummer3d,0.02,dS_early,Δentropy(early),500,psi_beyond_bulk,0.05093348540684173,-0.007814092878789546,0.11267835310580086
plummer3d,0.02,dS_early,Δentropy(early),500,psi_beyond_phi,0.3607781389679786,0.2524983107375995,0.4669623423686778
plummer3d,0.02,dS_early,Δentropy(early),500,psi_beyond_kin,0.14406815754505775,0.04848992686446922,0.24142704789962152
plummer3d,0.02,dS_early,Δentropy(early),500,ell_star_psi,0.14,,
plummer3d,0.02,dQ_late,ΔQ(late),500,R2_fine_pos,0.1668538532322007,,
plummer3d,0.02,dQ_late,ΔQ(late),500,R2_fine_kin,0.2135484106133968,,
plummer3d,0.02,dQ_late,ΔQ(late),500,R2_bulk,0.6319552384499133,,
plummer3d,0.02,dQ_late,ΔQ(late),500,R2_phi_best,0.2217429689191539,,
plummer3d,0.02,dQ_late,ΔQ(late),500,R2_psi_best,0.5293960396612769,,
plummer3d,0.02,dQ_late,ΔQ(late),500,psi_beyond_bulk,0.006697074641577427,-0.06519170397043833,0.07111739994399247
plummer3d,0.02,dQ_late,ΔQ(late),500,psi_beyond_phi,0.33326511374594237,0.17845346019923877,0.5022122868953303
plummer3d,0.02,dQ_late,ΔQ(late),500,psi_beyond_kin,0.3577619405768645,0.20297175159103958,0.4996616213550577
plummer3d,0.02,dQ_late,ΔQ(late),500,ell_star_psi,0.3,,
plummer3d,0.02,dQ_early,ΔQ(early),500,R2_fine_pos,0.39950083580316254,,
plummer3d,0.02,dQ_early,ΔQ(early),500,R2_fine_kin,0.21557750733563896,,
plummer3d,0.02,dQ_early,ΔQ(early),500,R2_bulk,0.8323661916884988,,
plummer3d,0.02,dQ_early,ΔQ(early),500,R2_phi_best,0.5530189820260484,,
plummer3d,0.02,dQ_early,ΔQ(early),500,R2_psi_best,0.7166689265980515,,
plummer3d,0.02,dQ_early,ΔQ(early),500,psi_beyond_bulk,0.05551355377034284,0.03264518134086691,0.08620815924060193
plummer3d,0.02,dQ_early,ΔQ(early),500,psi_beyond_phi,0.2862730585455817,0.2159456672153794,0.3828036679278756
plummer3d,0.02,dQ_early,ΔQ(early),500,psi_beyond_kin,0.5415812345315518,0.4203853488504707,0.6588539199170572
plummer3d,0.02,dQ_early,ΔQ(early),500,ell_star_psi,0.3,,
plummer3d,0.02,dSigr_late,Δσr(late),500,R2_fine_pos,0.12129906933894075,,
plummer3d,0.02,dSigr_late,Δσr(late),500,R2_fine_kin,0.40679050147214213,,
plummer3d,0.02,dSigr_late,Δσr(late),500,R2_bulk,0.5039647547689656,,
plummer3d,0.02,dSigr_late,Δσr(late),500,R2_phi_best,0.1390324612889302,,
plummer3d,0.02,dSigr_late,Δσr(late),500,R2_psi_best,0.607889010125406,,
plummer3d,0.02,dSigr_late,Δσr(late),500,psi_beyond_bulk,0.2015671808194257,0.12399887865437502,0.28414047651621127
plummer3d,0.02,dSigr_late,Δσr(late),500,psi_beyond_phi,0.5277075459950158,0.4367125822677365,0.6121610455195914
plummer3d,0.02,dSigr_late,Δσr(late),500,psi_beyond_kin,0.2782945071183335,0.19842073220646606,0.36117353504239197
plummer3d,0.02,dSigr_late,Δσr(late),500,ell_star_psi,0.14,,
plummer3d,0.02,dBeta_late,Δβ(late),500,R2_fine_pos,0.08539489020033264,,
plummer3d,0.02,dBeta_late,Δβ(late),500,R2_fine_kin,0.06997910553977393,,
plummer3d,0.02,dBeta_late,Δβ(late),500,R2_bulk,0.20693360943669925,,
plummer3d,0.02,dBeta_late,Δβ(late),500,R2_phi_best,0.06515530312292328,,
plummer3d,0.02,dBeta_late,Δβ(late),500,R2_psi_best,0.5677008662794408,,
plummer3d,0.02,dBeta_late,Δβ(late),500,psi_beyond_bulk,0.41411777930896265,0.281672897398945,0.543810605975295
plummer3d,0.02,dBeta_late,Δβ(late),500,psi_beyond_phi,0.5299036691877921,0.4024656574090049,0.6477865176877639
plummer3d,0.02,dBeta_late,Δβ(late),500,psi_beyond_kin,0.5176517233618548,0.3965006104946859,0.6437384916341834
plummer3d,0.02,dBeta_late,Δβ(late),500,ell_star_psi,0.2,,
plummer3d,0.05,dS_late,Δentropy(late),500,R2_fine_pos,0.16048583045582998,,
plummer3d,0.05,dS_late,Δentropy(late),500,R2_fine_kin,0.2855055814410705,,
plummer3d,0.05,dS_late,Δentropy(late),500,R2_bulk,0.6455070685295695,,
plummer3d,0.05,dS_late,Δentropy(late),500,R2_phi_best,0.29089343268850043,,
plummer3d,0.05,dS_late,Δentropy(late),500,R2_psi_best,0.5328160663770798,,
plummer3d,0.05,dS_late,Δentropy(late),500,psi_beyond_bulk,0.0035712614633823803,-0.038849874134343015,0.04366143547182698
plummer3d,0.05,dS_late,Δentropy(late),500,psi_beyond_phi,0.2727021520698897,0.1731825534895229,0.3793777732879825
plummer3d,0.05,dS_late,Δentropy(late),500,psi_beyond_kin,0.28416206209958284,0.15585575221579218,0.4170645475512295
plummer3d,0.05,dS_late,Δentropy(late),500,ell_star_psi,0.14,,
plummer3d,0.05,dS_early,Δentropy(early),500,R2_fine_pos,0.10849807000542955,,
plummer3d,0.05,dS_early,Δentropy(early),500,R2_fine_kin,0.18323127132627226,,
plummer3d,0.05,dS_early,Δentropy(early),500,R2_bulk,0.2945380207962206,,
plummer3d,0.05,dS_early,Δentropy(early),500,R2_phi_best,0.13012761371947157,,
plummer3d,0.05,dS_early,Δentropy(early),500,R2_psi_best,0.38732049499106713,,
plummer3d,0.05,dS_early,Δentropy(early),500,psi_beyond_bulk,0.09276559014248065,0.013507905978092143,0.17794241228995453
plummer3d,0.05,dS_early,Δentropy(early),500,psi_beyond_phi,0.27033163828320106,0.12258498211584841,0.41143194903105684
plummer3d,0.05,dS_early,Δentropy(early),500,psi_beyond_kin,0.18618930640535947,0.08054587020981252,0.2874864130544435
plummer3d,0.05,dS_early,Δentropy(early),500,ell_star_psi,0.09,,
plummer3d,0.05,dQ_late,ΔQ(late),500,R2_fine_pos,0.3601315670969626,,
plummer3d,0.05,dQ_late,ΔQ(late),500,R2_fine_kin,0.3791687267939037,,
plummer3d,0.05,dQ_late,ΔQ(late),500,R2_bulk,0.8862212400225702,,
plummer3d,0.05,dQ_late,ΔQ(late),500,R2_phi_best,0.44068928611088176,,
plummer3d,0.05,dQ_late,ΔQ(late),500,R2_psi_best,0.7286197252733044,,
plummer3d,0.05,dQ_late,ΔQ(late),500,psi_beyond_bulk,0.01375279424163589,-0.0021198348658669677,0.029502943738749912
plummer3d,0.05,dQ_late,ΔQ(late),500,psi_beyond_phi,0.3459942507585616,0.27464786625135323,0.42989024376763724
plummer3d,0.05,dQ_late,ΔQ(late),500,psi_beyond_kin,0.3717507803844673,0.27765663983867,0.4733048089236819
plummer3d,0.05,dQ_late,ΔQ(late),500,ell_star_psi,0.2,,
plummer3d,0.05,dQ_early,ΔQ(early),500,R2_fine_pos,0.5024008150629362,,
plummer3d,0.05,dQ_early,ΔQ(early),500,R2_fine_kin,0.2678886899997852,,
plummer3d,0.05,dQ_early,ΔQ(early),500,R2_bulk,0.9388822625572437,,
plummer3d,0.05,dQ_early,ΔQ(early),500,R2_phi_best,0.5603685423854747,,
plummer3d,0.05,dQ_early,ΔQ(early),500,R2_psi_best,0.7511592773840954,,
plummer3d,0.05,dQ_early,ΔQ(early),500,psi_beyond_bulk,0.015173803171149025,0.007062775722971354,0.025756107052377682
plummer3d,0.05,dQ_early,ΔQ(early),500,psi_beyond_phi,0.28863945261155477,0.19857472058809275,0.4054055840953881
plummer3d,0.05,dQ_early,ΔQ(early),500,psi_beyond_kin,0.5591428487455835,0.41397592972229325,0.720884152695595
plummer3d,0.05,dQ_early,ΔQ(early),500,ell_star_psi,0.3,,
plummer3d,0.05,dSigr_late,Δσr(late),500,R2_fine_pos,0.08605804623032598,,
plummer3d,0.05,dSigr_late,Δσr(late),500,R2_fine_kin,0.21616751433801062,,
plummer3d,0.05,dSigr_late,Δσr(late),500,R2_bulk,0.29013509865147846,,
plummer3d,0.05,dSigr_late,Δσr(late),500,R2_phi_best,0.09491371368913104,,
plummer3d,0.05,dSigr_late,Δσr(late),500,R2_psi_best,0.5763391449936537,,
plummer3d,0.05,dSigr_late,Δσr(late),500,psi_beyond_bulk,-0.041452292806155255,-0.9165506463388576,0.36976824782594364
plummer3d,0.05,dSigr_late,Δσr(late),500,psi_beyond_phi,0.29470764991888254,-0.3938051812956322,0.618605138560641
plummer3d,0.05,dSigr_late,Δσr(late),500,psi_beyond_kin,0.28821160909275334,0.12362581249725255,0.4313152824345555
plummer3d,0.05,dSigr_late,Δσr(late),500,ell_star_psi,0.04,,
plummer3d,0.05,dBeta_late,Δβ(late),500,R2_fine_pos,0.10172733304309467,,
plummer3d,0.05,dBeta_late,Δβ(late),500,R2_fine_kin,0.08324342062225576,,
plummer3d,0.05,dBeta_late,Δβ(late),500,R2_bulk,0.2262538030129384,,
plummer3d,0.05,dBeta_late,Δβ(late),500,R2_phi_best,0.14810881340350368,,
plummer3d,0.05,dBeta_late,Δβ(late),500,R2_psi_best,0.601243516228257,,
plummer3d,0.05,dBeta_late,Δβ(late),500,psi_beyond_bulk,0.3917048239236023,0.25522614104947,0.5627640537467002
plummer3d,0.05,dBeta_late,Δβ(late),500,psi_beyond_phi,0.4773835690599614,0.35891846161970353,0.5985910179036759
plummer3d,0.05,dBeta_late,Δβ(late),500,psi_beyond_kin,0.5056409473250373,0.37922194810581217,0.6547052419260168
plummer3d,0.05,dBeta_late,Δβ(late),500,ell_star_psi,0.2,,
plummer3d,0.1,dS_late,Δentropy(late),500,R2_fine_pos,0.08647870747962394,,
plummer3d,0.1,dS_late,Δentropy(late),500,R2_fine_kin,0.362799399178823,,
plummer3d,0.1,dS_late,Δentropy(late),500,R2_bulk,0.672190976816478,,
plummer3d,0.1,dS_late,Δentropy(late),500,R2_phi_best,0.1517486335253816,,
plummer3d,0.1,dS_late,Δentropy(late),500,R2_psi_best,0.5588084414958595,,
plummer3d,0.1,dS_late,Δentropy(late),500,psi_beyond_bulk,0.013141085522718754,-0.014856902555951648,0.04597529777440973
plummer3d,0.1,dS_late,Δentropy(late),500,psi_beyond_phi,0.4105457816529007,0.2367671968944278,0.6312079842038678
plummer3d,0.1,dS_late,Δentropy(late),500,psi_beyond_kin,0.27777480728813586,0.16373953051593662,0.3962324889438769
plummer3d,0.1,dS_late,Δentropy(late),500,ell_star_psi,0.3,,
plummer3d,0.1,dS_early,Δentropy(early),500,R2_fine_pos,0.018400287985261277,,
plummer3d,0.1,dS_early,Δentropy(early),500,R2_fine_kin,0.30792631923605307,,
plummer3d,0.1,dS_early,Δentropy(early),500,R2_bulk,0.30948644979278783,,
plummer3d,0.1,dS_early,Δentropy(early),500,R2_phi_best,0.11203246825954338,,
plummer3d,0.1,dS_early,Δentropy(early),500,R2_psi_best,0.3404370616249174,,
plummer3d,0.1,dS_early,Δentropy(early),500,psi_beyond_bulk,0.08389558826464649,0.020602961327510712,0.14890537886326688
plummer3d,0.1,dS_early,Δentropy(early),500,psi_beyond_phi,0.28280904946416907,0.13879360119562117,0.4112625007364614
plummer3d,0.1,dS_early,Δentropy(early),500,psi_beyond_kin,0.07086438341718804,0.0035379968605266446,0.14784003642446494
plummer3d,0.1,dS_early,Δentropy(early),500,ell_star_psi,0.09,,
plummer3d,0.1,dQ_late,ΔQ(late),500,R2_fine_pos,0.3072051516252683,,
plummer3d,0.1,dQ_late,ΔQ(late),500,R2_fine_kin,0.5555120618056197,,
plummer3d,0.1,dQ_late,ΔQ(late),500,R2_bulk,0.9719372282690537,,
plummer3d,0.1,dQ_late,ΔQ(late),500,R2_phi_best,0.42117504892752944,,
plummer3d,0.1,dQ_late,ΔQ(late),500,R2_psi_best,0.7856399967321744,,
plummer3d,0.1,dQ_late,ΔQ(late),500,psi_beyond_bulk,-0.009573881912770199,-0.022229914388448544,-0.0013612605822389745
plummer3d,0.1,dQ_late,ΔQ(late),500,psi_beyond_phi,0.43870432568707907,0.34758724005017544,0.5465153475972012
plummer3d,0.1,dQ_late,ΔQ(late),500,psi_beyond_kin,0.2525606951952726,0.16019153927242197,0.3554332679437043
plummer3d,0.1,dQ_late,ΔQ(late),500,ell_star_psi,0.2,,
plummer3d,0.1,dQ_early,ΔQ(early),500,R2_fine_pos,0.33030715246421516,,
plummer3d,0.1,dQ_early,ΔQ(early),500,R2_fine_kin,0.5176925066298916,,
plummer3d,0.1,dQ_early,ΔQ(early),500,R2_bulk,0.995508392822399,,
plummer3d,0.1,dQ_early,ΔQ(early),500,R2_phi_best,0.4335713698577752,,
plummer3d,0.1,dQ_early,ΔQ(early),500,R2_psi_best,0.7678712113832982,,
plummer3d,0.1,dQ_early,ΔQ(early),500,psi_beyond_bulk,0.00018707729007716445,-0.00040499932815379615,0.000740973414918064
plummer3d,0.1,dQ_early,ΔQ(early),500,psi_beyond_phi,0.40267547127206826,0.2992838555884792,0.5345773990226784
plummer3d,0.1,dQ_early,ΔQ(early),500,psi_beyond_kin,0.38240196351800493,0.28624940210321487,0.49043951070288844
plummer3d,0.1,dQ_early,ΔQ(early),500,ell_star_psi,0.3,,
plummer3d,0.1,dSigr_late,Δσr(late),500,R2_fine_pos,-0.007416922152690741,,
plummer3d,0.1,dSigr_late,Δσr(late),500,R2_fine_kin,0.29139895079011313,,
plummer3d,0.1,dSigr_late,Δσr(late),500,R2_bulk,0.3059122320492693,,
plummer3d,0.1,dSigr_late,Δσr(late),500,R2_phi_best,0.012458523165794544,,
plummer3d,0.1,dSigr_late,Δσr(late),500,R2_psi_best,0.5949496095053897,,
plummer3d,0.1,dSigr_late,Δσr(late),500,psi_beyond_bulk,0.29053380049924127,0.18063963217088427,0.40382939274538915
plummer3d,0.1,dSigr_late,Δσr(late),500,psi_beyond_phi,0.5924186741131784,0.49353679112327997,0.701236890826409
plummer3d,0.1,dSigr_late,Δσr(late),500,psi_beyond_kin,0.32265325437628367,0.21555466895833966,0.4221705882114182
plummer3d,0.1,dSigr_late,Δσr(late),500,ell_star_psi,0.06,,
plummer3d,0.1,dBeta_late,Δβ(late),500,R2_fine_pos,0.0315606666195567,,
plummer3d,0.1,dBeta_late,Δβ(late),500,R2_fine_kin,0.11896941242621317,,
plummer3d,0.1,dBeta_late,Δβ(late),500,R2_bulk,0.16346729604793508,,
plummer3d,0.1,dBeta_late,Δβ(late),500,R2_phi_best,0.03543686798736756,,
plummer3d,0.1,dBeta_late,Δβ(late),500,R2_psi_best,0.6678503276612524,,
plummer3d,0.1,dBeta_late,Δβ(late),500,psi_beyond_bulk,0.5298440656136599,0.3816223893706772,0.7023927807178105
plummer3d,0.1,dBeta_late,Δβ(late),500,psi_beyond_phi,0.6550126386990491,0.5452310659999305,0.769165833929066
plummer3d,0.1,dBeta_late,Δβ(late),500,psi_beyond_kin,0.5574182436263865,0.4227166595720308,0.7098506114840242
plummer3d,0.1,dBeta_late,Δβ(late),500,ell_star_psi,0.14,,
